Area Name,Minimum Wage Increase,Unemployment Rate,Female Labor Force Participation Rate,African American,Hispanic,Bachelor's or more,Manufacturing,Agriculture and Mining,Immigrant,Year,Area
Michigan,1,3.65,57.13,13.79,5.09,29.1359188,18.58,1.16,6.87,2019,7
Michigan,1,7.84,57.86,14.01,4.53,25.93366741,16.94,1.35,6.11,2013,7
Syntheitc michigan,0,7.84000523,60.10714988,10.90757556,23.45012597,23.50210149,5.97156867,1.68595609,16.3886195,2013,8.698738
Synth2019,0,3.80202377,58.32339656,11.5941408,25.05637246,26.2058318,6.25556798,1.51689204,16.68735352,2019,8.698738
